Benchmark,Matrix,Configuration,Elements,Time estimate (ns),Throughput (GFLOP/s),nnz,Samples
lanczos,as-Skitter,eigen_csc/one_pass,693459327,444689431.4,1.5594238990947153,693459327,2
lanczos,as-Skitter,eigen_csr/one_pass,693459327,408679122.6,1.6968308109018142,693459327,2
lanczos,as-Skitter,faer_csc/one_pass,693459327,499996945.47,1.3869271268210333,693459327,50
lanczos,as-Skitter,faer_csr/one_pass,693459327,456352942.608,1.5195679971667688,693459327,50
lanczos,as-Skitter,petsc_csr/one_pass,693459327,340533259.5,2.0363923571465414,693459327,2
lanczos,as-Skitter,psblas_csc/one_pass,693459327,506016008.0,1.370429622850983,693459327,2
lanczos,as-Skitter,psblas_csr/one_pass,693459327,499927645.8,1.387119381826353,693459327,2
lanczos,auto,eigen_csc/one_pass,218329068,121413638.4,1.7982252313427087,218329068,2
lanczos,auto,eigen_csr/one_pass,218329068,112185023.2,1.9461516499467995,218329068,2
lanczos,auto,faer_csc/one_pass,218329068,124741042.1,1.750258490104437,218329068,2
lanczos,auto,faer_csr/one_pass,218329068,113682653.0,1.9205134841460814,218329068,2
lanczos,auto,petsc_csr/one_pass,218329068,91640165.3,2.382460434082172,218329068,2
lanczos,auto,psblas_csc/one_pass,218329068,132775300.0,1.6443500259460906,218329068,2
lanczos,auto,psblas_csr/one_pass,218329068,131035015.8,1.666188740979264,218329068,2
lanczos,belgium_osm,eigen_csc/one_pass,286703625,135108620.2,2.1220231882732232,286703625,2
lanczos,belgium_osm,eigen_csr/one_pass,286703625,125433095.6,2.285709553994297,286703625,2
lanczos,belgium_osm,faer_csc/one_pass,286703625,143042312.2,2.0043273950936595,286703625,2
lanczos,belgium_osm,faer_csr/one_pass,286703625,125613327.5,2.282429983394875,286703625,2
lanczos,belgium_osm,petsc_csr/one_pass,286703625,125265470.2,2.288768201981331,286703625,2
lanczos,belgium_osm,psblas_csc/one_pass,286703625,217110865.2,1.3205401983723475,286703625,2
lanczos,belgium_osm,psblas_csr/one_pass,286703625,220481883.0,1.300350038284098,286703625,2
lanczos,caidaRouterLevel,eigen_csc/one_pass,50060428,28824733.5,1.7367178086832962,50060428,2
lanczos,caidaRouterLevel,eigen_csr/one_pass,50060428,25354174.65,1.974445182738378,50060428,2
lanczos,caidaRouterLevel,faer_csc/one_pass,50060428,29012435.95,1.7254817239846418,50060428,2
lanczos,caidaRouterLevel,faer_csr/one_pass,50060428,26025128.8,1.923541988387777,50060428,2
lanczos,caidaRouterLevel,petsc_csr/one_pass,50060428,18733096.4,2.6722986382539515,50060428,2
lanczos,caidaRouterLevel,psblas_csc/one_pass,50060428,26201111.1,1.9106223323483404,50060428,2
lanczos,caidaRouterLevel,psblas_csr/one_pass,50060428,24983898.3,2.0037076439748396,50060428,2
lanczos,citationCiteseer,eigen_csc/one_pass,90960396,56605370.6,1.6069216584194574,90960396,2
lanczos,citationCiteseer,eigen_csr/one_pass,90960396,46590541.4,1.9523361022801935,90960396,2
lanczos,citationCiteseer,faer_csc/one_pass,90960396,55436854.6,1.6407928742768174,90960396,2
lanczos,citationCiteseer,faer_csr/one_pass,90960396,53357156.9,1.7047459288446458,90960396,2
lanczos,citationCiteseer,petsc_csr/one_pass,90960396,39421773.1,2.3073644041647636,90960396,2
lanczos,citationCiteseer,psblas_csc/one_pass,90960396,55155100.4,1.6491746971781416,90960396,2
lanczos,citationCiteseer,psblas_csr/one_pass,90960396,50982452.9,1.784151032874293,90960396,2
lanczos,coAuthorsCiteseer,eigen_csc/one_pass,63327616,34226919.0,1.8502283538871844,63327616,2
lanczos,coAuthorsCiteseer,eigen_csr/one_pass,63327616,30732397.2,2.0606142627884556,63327616,2
lanczos,coAuthorsCiteseer,faer_csc/one_pass,63327616,34749271.4,1.822415649267397,63327616,2
lanczos,coAuthorsCiteseer,faer_csr/one_pass,63327616,31118449.3,2.035050506196014,63327616,2
lanczos,coAuthorsCiteseer,petsc_csr/one_pass,63327616,21398905.875,2.9593856980316287,63327616,2
lanczos,coAuthorsCiteseer,psblas_csc/one_pass,63327616,31664135.7,1.999979301503562,63327616,2
lanczos,coAuthorsCiteseer,psblas_csr/one_pass,63327616,30023249.1,2.1092859000393798,63327616,2
lanczos,coPapersCiteseer,eigen_csc/one_pass,689220020,321176476.6,2.1459230990268603,689220020,2
lanczos,coPapersCiteseer,eigen_csr/one_pass,689220020,304608532.6,2.2626418705908566,689220020,2
lanczos,coPapersCiteseer,faer_csc/one_pass,689220020,318721482.0,2.1624523570708045,689220020,2
lanczos,coPapersCiteseer,faer_csr/one_pass,689220020,273463361.0,2.5203377062274894,689220020,2
lanczos,coPapersCiteseer,petsc_csr/one_pass,689220020,263400858.0,2.616620254137517,689220020,2
lanczos,coPapersCiteseer,psblas_csc/one_pass,689220020,331810038.6,2.077152405960993,689220020,2
lanczos,coPapersCiteseer,psblas_csr/one_pass,689220020,304701751.4,2.261949650217862,689220020,2
lanczos,coPapersDBLP,eigen_csc/one_pass,736210882,382512933.88666666,1.9246692511007462,736210882,50
lanczos,coPapersDBLP,eigen_csr/one_pass,736210882,343391896.41333336,2.1439378438734003,736210882,50
lanczos,coPapersDBLP,faer_csc/one_pass,736210882,385110911.89,1.9116853334197015,736210882,50
lanczos,coPapersDBLP,faer_csr/one_pass,736210882,339714168.25,2.167148005019952,736210882,50
lanczos,coPapersDBLP,petsc_csr/one_pass,736210882,315289380.74333334,2.3350322813419613,736210882,50
lanczos,coPapersDBLP,psblas_csc/one_pass,736210882,458199988.644,1.6067457447538296,736210882,50
lanczos,coPapersDBLP,psblas_csr/one_pass,736210882,377258004.4,1.9514784932685183,736210882,50
lanczos,delaunay_n22,eigen_csc/one_pass,1254094660,774934075.6,1.618324318786737,1254094660,2
lanczos,delaunay_n22,eigen_csr/one_pass,1254094660,763372366.0,1.6428347630283489,1254094660,2
lanczos,delaunay_n22,faer_csc/one_pass,1254094660,809002039.6,1.5501749051461846,1254094660,2
lanczos,delaunay_n22,faer_csr/one_pass,1254094660,733407811.6,1.709955416569768,1254094660,2
lanczos,delaunay_n22,petsc_csr/one_pass,1254094660,548869937.0,2.2848667333733017,1254094660,2
lanczos,delaunay_n22,psblas_csc/one_pass,1254094660,1120125306.8,1.1196021127160556,1254094660,2
lanczos,delaunay_n22,psblas_csr/one_pass,1254094660,1057176096.0,1.186268460614153,1254094660,2
lanczos,kron_g500-logn18,eigen_csc/one_pass,316507800,207627282.448,1.5244037116329785,316507800,50
lanczos,kron_g500-logn18,eigen_csr/one_pass,316507800,218186426.59333333,1.450630109956028,316507800,50
lanczos,kron_g500-logn18,faer_csc/one_pass,316507800,209812604.342,1.508526148810793,316507800,50
lanczos,kron_g500-logn18,faer_csr/one_pass,316507800,165535319.01846153,1.9120257953210642,316507800,50
lanczos,kron_g500-logn18,petsc_csr/one_pass,316507800,172807483.88666666,1.8315630369780578,316507800,50
lanczos,kron_g500-logn18,psblas_csc/one_pass,316507800,255845425.26,1.237105567466577,316507800,50
lanczos,kron_g500-logn18,psblas_csr/one_pass,316507800,190897904.99818182,1.6579951466885638,316507800,50
lanczos,preferentialAttachment,eigen_csc/one_pass,37199280,15519814.7,2.3968894422431473,37199280,2
lanczos,preferentialAttachment,eigen_csr/one_pass,37199280,14990375.1,2.4815443077204917,37199280,2
lanczos,preferentialAttachment,faer_csc/one_pass,37199280,16005178.1,2.324202815337619,37199280,2
lanczos,preferentialAttachment,faer_csr/one_pass,37199280,14420628.6,2.579587966089079,37199280,2
lanczos,preferentialAttachment,petsc_csr/one_pass,37199280,10419210.6,3.5702589599254284,37199280,2
lanczos,preferentialAttachment,psblas_csc/one_pass,37199280,16295972.0,2.282728517206583,37199280,2
lanczos,preferentialAttachment,psblas_csr/one_pass,37199280,15342039.1,2.42466335521202,37199280,2
lanczos,rgg_n_2_20_s0,eigen_csc/one_pass,430108976,210241102.8,2.04578919284474,430108976,2
lanczos,rgg_n_2_20_s0,eigen_csr/one_pass,430108976,212056463.4,2.028275720078806,430108976,2
lanczos,rgg_n_2_20_s0,faer_csc/one_pass,430108976,227397171.0,1.8914438297915324,430108976,2
lanczos,rgg_n_2_20_s0,faer_csr/one_pass,430108976,218043386.2,1.9725843718345264,430108976,2
lanczos,rgg_n_2_20_s0,petsc_csr/one_pass,430108976,166091610.7,2.589588806967961,430108976,2
lanczos,rgg_n_2_20_s0,psblas_csc/one_pass,430108976,269526544.2,1.595794496889483,430108976,2
lanczos,rgg_n_2_20_s0,psblas_csr/one_pass,430108976,256964702.8,1.6738056679121454,430108976,2
lanczos,roadNet-CA,eigen_csc/one_pass,425756747,245120274.0,1.7369299570871073,425756747,2
lanczos,roadNet-CA,eigen_csr/one_pass,425756747,229184069.0,1.8577065537657418,425756747,2
lanczos,roadNet-CA,faer_csc/one_pass,425756747,257120745.1,1.6558630725592123,425756747,2
lanczos,roadNet-CA,faer_csr/one_pass,425756747,216716203.8,1.9645819718811444,425756747,2
lanczos,roadNet-CA,petsc_csr/one_pass,425756747,168947098.4,2.5200595395369034,425756747,2
lanczos,roadNet-CA,psblas_csc/one_pass,425756747,348603772.6,1.221319963993987,425756747,2
lanczos,roadNet-CA,psblas_csr/one_pass,425756747,339193049.6,1.2552048088900463,425756747,2
lanczos,smallworld,eigen_csc/one_pass,37199904,14105586.9,2.6372460971475067,37199904,2
lanczos,smallworld,eigen_csr/one_pass,37199904,14260529.3,2.6085920948249792,37199904,2
lanczos,smallworld,faer_csc/one_pass,37199904,13502093.7,2.755121155765642,37199904,2
lanczos,smallworld,faer_csr/one_pass,37199904,12398676.5,3.0003124930310103,37199904,2
lanczos,smallworld,petsc_csr/one_pass,37199904,8685140.775,4.283166498242511,37199904,2
lanczos,smallworld,psblas_csc/one_pass,37199904,14284474.1,2.604219360095308,37199904,2
lanczos,smallworld,psblas_csr/one_pass,37199904,14223021.4,2.61547128094738,37199904,2
lanczos,thermal2,eigen_csc/one_pass,337360331,172929060.94363636,1.950859671353663,337360331,50
lanczos,thermal2,eigen_csr/one_pass,337360331,154728086.4657426,2.180343198871608,337360331,50
lanczos,thermal2,faer_csc/one_pass,337360331,181804105.44727272,1.8556254830991263,337360331,50
lanczos,thermal2,faer_csr/one_pass,337360331,160905242.64,2.096639770493932,337360331,50
lanczos,thermal2,petsc_csr/one_pass,337360331,160760722.53230768,2.0985246003245694,337360331,50
lanczos,thermal2,psblas_csc/one_pass,337360331,228465535.5622222,1.476635546669228,337360331,50
lanczos,thermal2,psblas_csr/one_pass,337360331,228608330.14666668,1.4757132025047472,337360331,50
lanczos_two_pass,as-Skitter,eigen_csc/two_pass,1274955264,818362188.8,1.557935204544973,1274955264,2
lanczos_two_pass,as-Skitter,eigen_csr/two_pass,1274955264,738657609.8,1.7260436325095314,1274955264,2
lanczos_two_pass,as-Skitter,faer_csc/two_pass,1274955264,820359886.4,1.554141402007001,1274955264,2
lanczos_two_pass,as-Skitter,faer_csr/two_pass,1274955264,718329411.8,1.7748894073614487,1274955264,2
lanczos_two_pass,as-Skitter,petsc_csr/two_pass,1274955264,608263793.2,2.0960564778853907,1274955264,2
lanczos_two_pass,as-Skitter,psblas_csc/two_pass,1274955264,878011925.0,1.452093334609322,1274955264,2
lanczos_two_pass,as-Skitter,psblas_csr/two_pass,1274955264,825381603.0,1.5446858269749926,1274955264,2
lanczos_two_pass,auto,eigen_csc/two_pass,404352096,218863141.2,1.8475111605498604,404352096,2
lanczos_two_pass,auto,eigen_csr/two_pass,404352096,200819896.6,2.013506145784959,404352096,2
lanczos_two_pass,auto,faer_csc/two_pass,404352096,211391165.6,1.9128145438448727,404352096,2
lanczos_two_pass,auto,faer_csr/two_pass,404352096,195225579.8,2.0712044826002867,404352096,2
lanczos_two_pass,auto,petsc_csr/two_pass,404352096,165213557.0,2.4474510648057772,404352096,2
lanczos_two_pass,auto,psblas_csc/two_pass,404352096,233906030.2,1.7286946200329296,404352096,2
lanczos_two_pass,auto,psblas_csr/two_pass,404352096,211849774.0,1.908673718953318,404352096,2
lanczos_two_pass,belgium_osm,eigen_csc/two_pass,460986240,211963721.0,2.174835570092676,460986240,2
lanczos_two_pass,belgium_osm,eigen_csr/two_pass,460986240,212050678.6,2.1739437149813483,460986240,2
lanczos_two_pass,belgium_osm,faer_csc/two_pass,460986240,227252975.9,2.028515746270586,460986240,2
lanczos_two_pass,belgium_osm,faer_csr/two_pass,460986240,190663628.0,2.4177985326073834,460986240,2
lanczos_two_pass,belgium_osm,petsc_csr/two_pass,460986240,195697578.8,2.3556052293887655,460986240,2
lanczos_two_pass,belgium_osm,psblas_csc/two_pass,460986240,264931995.2,1.7400172434892078,460986240,2
lanczos_two_pass,belgium_osm,psblas_csr/two_pass,460986240,231181410.6,1.9940454502962532,460986240,2
lanczos_two_pass,caidaRouterLevel,eigen_csc/two_pass,87432752,49238189.2,1.7757101432966587,87432752,2
lanczos_two_pass,caidaRouterLevel,eigen_csr/two_pass,87432752,46194344.2,1.8927155155933566,87432752,2
lanczos_two_pass,caidaRouterLevel,faer_csc/two_pass,87432752,54251406.8,1.611621839085655,87432752,2
lanczos_two_pass,caidaRouterLevel,faer_csr/two_pass,87432752,48489958.0,1.8031104914547462,87432752,2
lanczos_two_pass,caidaRouterLevel,petsc_csr/two_pass,87432752,32229866.3,2.712786680098639,87432752,2
lanczos_two_pass,caidaRouterLevel,psblas_csc/two_pass,87432752,51559566.6,1.695761965539873,87432752,2
lanczos_two_pass,caidaRouterLevel,psblas_csr/two_pass,87432752,48818912.0,1.790960683433502,87432752,2
lanczos_two_pass,citationCiteseer,eigen_csc/two_pass,162589152,93698603.2,1.735235600609252,162589152,2
lanczos_two_pass,citationCiteseer,eigen_csr/two_pass,162589152,82730823.05,1.965279033930752,162589152,2
lanczos_two_pass,citationCiteseer,faer_csc/two_pass,162589152,111324071.6,1.4605031029066313,162589152,2
lanczos_two_pass,citationCiteseer,faer_csr/two_pass,162589152,94205055.6,1.7259068631131935,162589152,2
lanczos_two_pass,citationCiteseer,petsc_csr/two_pass,162589152,65359751.2,2.487603594182592,162589152,2
lanczos_two_pass,citationCiteseer,psblas_csc/two_pass,162589152,96914416.8,1.6776570232634367,162589152,2
lanczos_two_pass,citationCiteseer,psblas_csr/two_pass,162589152,92387328.5,1.759864200424412,162589152,2
lanczos_two_pass,coAuthorsCiteseer,eigen_csc/two_pass,111652112,57953910.1,1.9265673671947803,111652112,2
lanczos_two_pass,coAuthorsCiteseer,eigen_csr/two_pass,111652112,55557104.4,2.0096819876739294,111652112,2
lanczos_two_pass,coAuthorsCiteseer,faer_csc/two_pass,111652112,65731462.6,1.6986098830546936,111652112,2
lanczos_two_pass,coAuthorsCiteseer,faer_csr/two_pass,111652112,55887070.0,1.9978165253608748,111652112,2
lanczos_two_pass,coAuthorsCiteseer,petsc_csr/two_pass,111652112,37390541.4,2.9861057855664,111652112,2
lanczos_two_pass,coAuthorsCiteseer,psblas_csc/two_pass,111652112,60908231.2,1.8331202499277304,111652112,2
lanczos_two_pass,coAuthorsCiteseer,psblas_csr/two_pass,111652112,58098853.8,1.9217610107137775,111652112,2
lanczos_two_pass,coPapersCiteseer,eigen_csc/two_pass,1352393920,603719779.6,2.240102056778794,1352393920,2
lanczos_two_pass,coPapersCiteseer,eigen_csr/two_pass,1352393920,571317717.0,2.367148575579707,1352393920,2
lanczos_two_pass,coPapersCiteseer,faer_csc/two_pass,1352393920,586610038.0,2.3054394442530834,1352393920,2
lanczos_two_pass,coPapersCiteseer,faer_csr/two_pass,1352393920,513411041.8,2.634134854713208,1352393920,2
lanczos_two_pass,coPapersCiteseer,petsc_csr/two_pass,1352393920,483920373.2,2.794662086774899,1352393920,2
lanczos_two_pass,coPapersCiteseer,psblas_csc/two_pass,1352393920,635886755.6,2.1267842239046626,1352393920,2
lanczos_two_pass,coPapersCiteseer,psblas_csr/two_pass,1352393920,605367561.4,2.2340046051896034,1352393920,2
lanczos_two_pass,coPapersDBLP,eigen_csc/two_pass,1436749688,722113831.6,1.9896443263198116,1436749688,2
lanczos_two_pass,coPapersDBLP,eigen_csr/two_pass,1436749688,648827789.2,2.214377546577501,1436749688,2
lanczos_two_pass,coPapersDBLP,faer_csc/two_pass,1436749688,684959042.4,2.097570218163456,1436749688,2
lanczos_two_pass,coPapersDBLP,faer_csr/two_pass,1436749688,613335511.4,2.342518346476424,1436749688,2
lanczos_two_pass,coPapersDBLP,petsc_csr/two_pass,1436749688,559901408.5,2.566076216613054,1436749688,2
lanczos_two_pass,coPapersDBLP,psblas_csc/two_pass,1436749688,738886546.4,1.9444794265102345,1436749688,2
lanczos_two_pass,coPapersDBLP,psblas_csr/two_pass,1436749688,704753730.0,2.0386549610741325,1436749688,2
lanczos_two_pass,delaunay_n22,eigen_csc/two_pass,2181033608,1315313186.4,1.658185769405588,2181033608,2
lanczos_two_pass,delaunay_n22,eigen_csr/two_pass,2181033608,1372204582.6,1.5894376360902849,2181033608,2
lanczos_two_pass,delaunay_n22,faer_csc/two_pass,2181033608,1344273801.6,1.6224623327510068,2181033608,2
lanczos_two_pass,delaunay_n22,faer_csr/two_pass,2181033608,1269198041.0,1.7184344267357718,2181033608,2
lanczos_two_pass,delaunay_n22,petsc_csr/two_pass,2181033608,1327450883.2,1.6430239608883481,2181033608,2
lanczos_two_pass,delaunay_n22,psblas_csc/two_pass,2181033608,1621271983.4,1.3452607769278249,2181033608,2
lanczos_two_pass,delaunay_n22,psblas_csr/two_pass,2181033608,1466610953.0,1.4871248598945928,2181033608,2
lanczos_two_pass,kron_g500-logn18,eigen_csc/two_pass,622005552,390243225.7,1.5938919910378344,622005552,2
lanczos_two_pass,kron_g500-logn18,eigen_csr/two_pass,622005552,339153448.0,1.8339944814596134,622005552,2
lanczos_two_pass,kron_g500-logn18,faer_csc/two_pass,622005552,391550275.0,1.588571357790516,622005552,2
lanczos_two_pass,kron_g500-logn18,faer_csr/two_pass,622005552,305367712.8,2.036906738753292,622005552,2
lanczos_two_pass,kron_g500-logn18,petsc_csr/two_pass,622005552,290778339.8,2.1391055208163756,622005552,2
lanczos_two_pass,kron_g500-logn18,psblas_csc/two_pass,622005552,449429614.4,1.3839887984026003,622005552,2
lanczos_two_pass,kron_g500-logn18,psblas_csr/two_pass,622005552,381183628.4,1.6317740470933617,622005552,2
lanczos_two_pass,preferentialAttachment,eigen_csc/two_pass,67198560,27102293.9,2.479441786291012,67198560,2
lanczos_two_pass,preferentialAttachment,eigen_csr/two_pass,67198560,26675317.7,2.519128759992238,67198560,2
lanczos_two_pass,preferentialAttachment,faer_csc/two_pass,67198560,30441899.0,2.2074365334435937,67198560,2
lanczos_two_pass,preferentialAttachment,faer_csr/two_pass,67198560,26647786.0,2.5217314489091134,67198560,2
lanczos_two_pass,preferentialAttachment,petsc_csr/two_pass,67198560,18452037.2,3.641796256513075,67198560,2
lanczos_two_pass,preferentialAttachment,psblas_csc/two_pass,67198560,31582090.6,2.1277426137204483,67198560,2
lanczos_two_pass,preferentialAttachment,psblas_csr/two_pass,67198560,31722948.85,2.1182948759821865,67198560,2
lanczos_two_pass,rgg_n_2_20_s0,eigen_csc/two_pass,791011936,377293668.2,2.0965417728152587,791011936,2
lanczos_two_pass,rgg_n_2_20_s0,eigen_csr/two_pass,791011936,377943024.8,2.092939634005914,791011936,2
lanczos_two_pass,rgg_n_2_20_s0,faer_csc/two_pass,791011936,416456524.6,1.899386584853616,791011936,2
lanczos_two_pass,rgg_n_2_20_s0,faer_csr/two_pass,791011936,392098187.6,2.017382280805013,791011936,2
lanczos_two_pass,rgg_n_2_20_s0,petsc_csr/two_pass,791011936,290013624.4,2.7274992257225827,791011936,2
lanczos_two_pass,rgg_n_2_20_s0,psblas_csc/two_pass,791011936,440233135.0,1.7968023601858136,791011936,2
lanczos_two_pass,rgg_n_2_20_s0,psblas_csr/two_pass,791011936,415588900.2,1.9033519317270737,791011936,2
lanczos_two_pass,roadNet-CA,eigen_csc/two_pass,697753576,400497161.1,1.74221853179573,697753576,2
lanczos_two_pass,roadNet-CA,eigen_csr/two_pass,697753576,407416647.4,1.712629025968466,697753576,2
lanczos_two_pass,roadNet-CA,faer_csc/two_pass,697753576,434012803.6,1.6076797048666607,697753576,2
lanczos_two_pass,roadNet-CA,faer_csr/two_pass,697753576,352727765.8,1.9781645893894069,697753576,2
lanczos_two_pass,roadNet-CA,petsc_csr/two_pass,697753576,274727115.0,2.539806003495505,697753576,2
lanczos_two_pass,roadNet-CA,psblas_csc/two_pass,697753576,490872404.2,1.4214561055579502,697753576,2
lanczos_two_pass,roadNet-CA,psblas_csr/two_pass,697753576,437209523.6,1.5959249246326341,697753576,2
lanczos_two_pass,smallworld,eigen_csc/two_pass,67199808,25270741.7,2.6591941304200026,67199808,2
lanczos_two_pass,smallworld,eigen_csr/two_pass,67199808,25345112.6,2.651391179852166,67199808,2
lanczos_two_pass,smallworld,faer_csc/two_pass,67199808,24913538.9,2.6973208531205497,67199808,2
lanczos_two_pass,smallworld,faer_csr/two_pass,67199808,21907030.0,3.0674997021504056,67199808,2
lanczos_two_pass,smallworld,petsc_csr/two_pass,67199808,15641466.8,4.296259990143635,67199808,2
lanczos_two_pass,smallworld,psblas_csc/two_pass,67199808,30145429.4,2.2291872876755243,67199808,2
lanczos_two_pass,smallworld,psblas_csr/two_pass,67199808,26988519.2,2.4899405373822803,67199808,2
lanczos_two_pass,thermal2,eigen_csc/two_pass,593669692,284579251.4,2.0861313292498176,593669692,2
lanczos_two_pass,thermal2,eigen_csr/two_pass,593669692,283648619.0,2.0929757884701705,593669692,2
lanczos_two_pass,thermal2,faer_csc/two_pass,593669692,289644187.0,2.049651671414348,593669692,2
lanczos_two_pass,thermal2,faer_csr/two_pass,593669692,274794144.4,2.1604160936407495,593669692,2
lanczos_two_pass,thermal2,petsc_csr/two_pass,593669692,234258916.6,2.534245870408845,593669692,2
lanczos_two_pass,thermal2,psblas_csc/two_pass,593669692,332470561.2,1.7856308536227776,593669692,2
lanczos_two_pass,thermal2,psblas_csr/two_pass,593669692,309116514.2,1.920536964957791,593669692,2
spmv,Queen_4147,eigen/csc_map,658998568,319165733.1,2.0647535109714443,329499284,2
spmv,Queen_4147,eigen/csr_map,658998568,266185084.2,2.4757156096126596,329499284,2
spmv,Queen_4147,faer/csc,658998568,307554060.2,2.1427080740584543,329499284,2
spmv,Queen_4147,faer/csr,658998568,187979679.4,3.505690456029153,329499284,2
spmv,Queen_4147,mkl/csc_ie,658998568,295058201.5,2.233452805750936,329499284,2
spmv,Queen_4147,mkl/csr_ie,658998568,239733177.2,2.7488834699346736,329499284,2
spmv,Queen_4147,petsc/csr,658998568,250031637.2,2.6356607322971204,329499284,2
spmv,Queen_4147,psblas/csc,658998568,302283943.4,2.180064745046594,329499284,2
spmv,Queen_4147,psblas/csr,658998568,331982056.4,1.9850427313637182,329499284,2
spmv,amazon0302,eigen/csc_map,2469754,2552451.55,0.9676007366329833,1234877,2
spmv,amazon0302,eigen/csr_map,2469754,1154244.23125,2.1397152640090353,1234877,2
spmv,amazon0302,faer/csc,2469754,2480037.325,0.9958535603894589,1234877,2
spmv,amazon0302,faer/csr,2469754,1400186.8,1.7638746487254413,1234877,2
spmv,amazon0302,mkl/csc_ie,2469754,3457786.05,0.7142587668198846,1234877,2
spmv,amazon0302,mkl/csr_ie,2469754,1004353.625,2.4590482261663564,1234877,2
spmv,amazon0302,petsc/csr,2469754,975710.50625,2.5312364519801442,1234877,2
spmv,amazon0302,psblas/csc,2469754,2356893.375,1.047885333378732,1234877,2
spmv,amazon0302,psblas/csr,2469754,1046443.8,2.360140124104132,1234877,2
spmv,as-Skitter,eigen/csc_map,44381192,34921388.0,1.2708885454381136,22190596,2
spmv,as-Skitter,eigen/csr_map,44381192,31804518.2,1.3954367024494023,22190596,2
spmv,as-Skitter,faer/csc,44381192,33893790.6,1.3094195489600977,22190596,2
spmv,as-Skitter,faer/csr,44381192,31136399.4,1.4253797116952451,22190596,2
spmv,as-Skitter,mkl/csc_ie,44381192,36049226.3,1.2311274486354231,22190596,2
spmv,as-Skitter,mkl/csr_ie,44381192,24731209.8,1.7945418909510849,22190596,2
spmv,as-Skitter,petsc/csr,44381192,24951788.4,1.778677796097373,22190596,2
spmv,as-Skitter,psblas/csc,44381192,32391792.5,1.3701369567615005,22190596,2
spmv,as-Skitter,psblas/csr,44381192,31318384.4,1.4170971092621238,22190596,2
spmv,atmosmodd,eigen/csc_map,17629760,8515746.6,2.0702541806492927,8814880,2
spmv,atmosmodd,eigen/csr_map,17629760,8379486.2,2.1039189729795122,8814880,2
spmv,atmosmodd,faer/csc,17629760,7573713.85,2.3277562830024268,8814880,2
spmv,atmosmodd,faer/csr,17629760,7459902.85,2.363269382254757,8814880,2
spmv,atmosmodd,mkl/csc_ie,17629760,9906064.625,1.779693618746203,8814880,2
spmv,atmosmodd,mkl/csr_ie,17629760,6639178.55,2.6554128447110372,8814880,2
spmv,atmosmodd,petsc/csr,17629760,6701353.4,2.63077604592529,8814880,2
spmv,atmosmodd,psblas/csc,17629760,7801441.75,2.2598079387056886,8814880,2
spmv,atmosmodd,psblas/csr,17629760,7315214.7,2.410012654857553,8814880,2
spmv,audikw_1,eigen/csc_map,155303694,70544617.6,2.2014960075423247,77651847,2
spmv,audikw_1,eigen/csr_map,155303694,67414328.2,2.3037193746002496,77651847,2
spmv,audikw_1,faer/csc,155303694,68205469.0,2.276997670084198,77651847,2
spmv,audikw_1,faer/csr,155303694,54777718.05,2.8351618053574614,77651847,2
spmv,audikw_1,mkl/csc_ie,155303694,64643734.0,2.4024554955318638,77651847,2
spmv,audikw_1,mkl/csr_ie,155303694,55369245.5,2.8048728603318245,77651847,2
spmv,audikw_1,petsc/csr,155303694,57925002.6,2.6811167376624336,77651847,2
spmv,audikw_1,psblas/csc,155303694,66984974.35,2.3184855336143007,77651847,2
spmv,audikw_1,psblas/csr,155303694,66024387.4,2.352217114247696,77651847,2
spmv,auto,eigen/csc_map,13258444,8721432.25,1.5202140680505771,6629222,2
spmv,auto,eigen/csr_map,13258444,8087839.2,1.6393060831377557,6629222,2
spmv,auto,faer/csc,13258444,8368031.75,1.584416072513109,6629222,2
spmv,auto,faer/csr,13258444,7743991.0,1.7120944484568743,6629222,2
spmv,auto,mkl/csc_ie,13258444,8482750.275,1.562988838546234,6629222,2
spmv,auto,mkl/csr_ie,13258444,5965550.1,2.2225014923602773,6629222,2
spmv,auto,petsc/csr,13258444,6062721.6,2.186879898954951,6629222,2
spmv,auto,psblas/csc,13258444,8163473.35,1.6241179987437577,6629222,2
spmv,auto,psblas/csr,13258444,7535358.5,1.7594974412962567,6629222,2
spmv,belgium_osm,eigen/csc_map,6199880,5965526.725,1.0392845905824015,3099940,2
spmv,belgium_osm,eigen/csr_map,6199880,5904141.975,1.0500899243704247,3099940,2
spmv,belgium_osm,faer/csc,6199880,5382636.45,1.1518296020159413,3099940,2
spmv,belgium_osm,faer/csr,6199880,5033982.325,1.231605436755283,3099940,2
spmv,belgium_osm,mkl/csc_ie,6199880,7438975.3,0.8334319916346543,3099940,2
spmv,belgium_osm,mkl/csr_ie,6199880,4660887.75,1.3301929444664269,3099940,2
spmv,belgium_osm,petsc/csr,6199880,5052795.1,1.2270198726245598,3099940,2
spmv,belgium_osm,psblas/csc,6199880,5363736.25,1.1558883045377184,3099940,2
spmv,belgium_osm,psblas/csr,6199880,4658599.175,1.330846412645063,3099940,2
spmv,caidaRouterLevel,eigen/csc_map,2436264,2107325.65,1.1560927946755641,1218132,2
spmv,caidaRouterLevel,eigen/csr_map,2436264,1967443.5625,1.2382891415214354,1218132,2
spmv,caidaRouterLevel,faer/csc,2436264,2066316.25,1.1790373327412973,1218132,2
spmv,caidaRouterLevel,faer/csr,2436264,2526618.0875,0.9642391194985064,1218132,2
spmv,caidaRouterLevel,mkl/csc_ie,2436264,2623851.8375,0.9285066958358696,1218132,2
spmv,caidaRouterLevel,mkl/csr_ie,2436264,1137414.60625,2.1419313472966928,1218132,2
spmv,caidaRouterLevel,petsc/csr,2436264,1193483.4125,2.0413052870979884,1218132,2
spmv,caidaRouterLevel,psblas/csc,2436264,1871548.225,1.3017372288122577,1218132,2
spmv,caidaRouterLevel,psblas/csr,2436264,1849624.5625,1.317166764214616,1218132,2
spmv,cant,eigen/csc_map,8014766,2078818.0375,3.8554437451575168,4007383,2
spmv,cant,eigen/csr_map,8014766,1654821.5375,4.843281174662618,4007383,2
spmv,cant,faer/csc,8014766,1702068.5875,4.708838444502461,4007383,2
spmv,cant,faer/csr,8014766,1580988.775,5.069464202868866,4007383,2
spmv,cant,mkl/csc_ie,8014766,1855969.9375,4.318370593219805,4007383,2
spmv,cant,mkl/csr_ie,8014766,1236097.690625,6.483926036580123,4007383,2
spmv,cant,petsc/csr,8014766,1244729.2125,6.438963526775909,4007383,2
spmv,cant,psblas/csc,8014766,2201027.2375,3.641375201291665,4007383,2
spmv,cant,psblas/csr,8014766,1672668.03125,4.791605895648338,4007383,2
spmv,circuit5M,eigen/csc_map,119048582,74107440.2,1.6064322513193483,59524291,2
spmv,circuit5M,eigen/csr_map,119048582,71665286.6,1.6611749934730604,59524291,2
spmv,circuit5M,faer/csc,119048582,57730507.4,2.062143351263876,59524291,2
spmv,circuit5M,faer/csr,119048582,50888919.2,2.339381222307429,59524291,2
spmv,circuit5M,mkl/csc_ie,119048582,73451737.8,1.6207728443968823,59524291,2
spmv,circuit5M,mkl/csr_ie,119048582,49948633.6,2.383420194301371,59524291,2
spmv,circuit5M,petsc/csr,119048582,49773959.8,2.3917844286120067,59524291,2
spmv,circuit5M,psblas/csc,119048582,57936806.2,2.054800563031381,59524291,2
spmv,circuit5M,psblas/csr,119048582,53694668.6,2.217139710589442,59524291,2
spmv,citationCiteseer,eigen/csc_map,4626588,3741936.5,1.2364154228699498,2313294,2
spmv,citationCiteseer,eigen/csr_map,4626588,3342502.025,1.3841690941084768,2313294,2
spmv,citationCiteseer,faer/csc,4626588,3719943.225,1.2437254334708292,2313294,2
spmv,citationCiteseer,faer/csr,4626588,5286214.875,0.875217544008746,2313294,2
spmv,citationCiteseer,mkl/csc_ie,4626588,4845732.0,0.9547758728712193,2313294,2
spmv,citationCiteseer,mkl/csr_ie,4626588,2316963.6875,1.9968323305886941,2313294,2
spmv,citationCiteseer,petsc/csr,4626588,2357765.7,1.9622764043093848,2313294,2
spmv,citationCiteseer,psblas/csc,4626588,3328970.95,1.3897952458852185,2313294,2
spmv,citationCiteseer,psblas/csr,4626588,3246721.875,1.4250028730902613,2313294,2
spmv,coAuthorsCiteseer,eigen/csc_map,3256536,2488805.9,1.3084732722628147,1628268,2
spmv,coAuthorsCiteseer,eigen/csr_map,3256536,2318129.35,1.404812030873083,1628268,2
spmv,coAuthorsCiteseer,faer/csc,3256536,2450573.75,1.3288871636693242,1628268,2
spmv,coAuthorsCiteseer,faer/csr,3256536,2582562.4375,1.2609708685891161,1628268,2
spmv,coAuthorsCiteseer,mkl/csc_ie,3256536,3745000.3,0.8695689557087618,1628268,2
spmv,coAuthorsCiteseer,mkl/csr_ie,3256536,1312821.909375,2.480561892473558,1628268,2
spmv,coAuthorsCiteseer,petsc/csr,3256536,1378954.0875,2.3615985691764374,1628268,2
spmv,coAuthorsCiteseer,psblas/csc,3256536,2204758.2875,1.4770489892080743,1628268,2
spmv,coAuthorsCiteseer,psblas/csr,3256536,2185156.89375,1.4902984812277624,1628268,2
spmv,coPapersCiteseer,eigen/csc_map,64146880,30773198.9,2.084504773405276,32073440,2
spmv,coPapersCiteseer,eigen/csr_map,64146880,28679933.0,2.236646787145563,32073440,2
spmv,coPapersCiteseer,faer/csc,64146880,30073885.3,2.132976147248922,32073440,2
spmv,coPapersCiteseer,faer/csr,64146880,26069560.3,2.460604600224116,32073440,2
spmv,coPapersCiteseer,mkl/csc_ie,64146880,29438970.6,2.178978364141577,32073440,2
spmv,coPapersCiteseer,mkl/csr_ie,64146880,24423478.6,2.626443229098413,32073440,2
spmv,coPapersCiteseer,petsc/csr,64146880,24288695.1,2.6410179606561073,32073440,2
spmv,coPapersCiteseer,psblas/csc,64146880,29756286.8,2.1557420934657747,32073440,2
spmv,coPapersCiteseer,psblas/csr,64146880,28696969.8,2.2353189360083583,32073440,2
spmv,coPapersDBLP,eigen/csc_map,60982916,33076567.8,1.8436893564271197,30491458,2
spmv,coPapersDBLP,eigen/csr_map,60982916,29579880.8,2.0616349474944466,30491458,2
spmv,coPapersDBLP,faer/csc,60982916,31879199.5,1.912937493929231,30491458,2
spmv,coPapersDBLP,faer/csr,60982916,28163003.1,2.165355583119614,30491458,2
spmv,coPapersDBLP,mkl/csc_ie,60982916,31251027.8,1.9513891315920173,30491458,2
spmv,coPapersDBLP,mkl/csr_ie,60982916,25508502.0,2.3906898178497507,30491458,2
spmv,coPapersDBLP,petsc/csr,60982916,25337864.8,2.4067898570522006,30491458,2
spmv,coPapersDBLP,psblas/csc,60982916,31284750.3,1.9492856876022435,30491458,2
spmv,coPapersDBLP,psblas/csr,60982916,30011228.1,2.0320033487733213,30491458,2
spmv,consph,eigen/csc_map,12020960,4015941.775,2.9933103300532786,6010480,2
spmv,consph,eigen/csr_map,12020960,3668642.575,3.276677886779417,6010480,2
spmv,consph,faer/csc,12020960,3866910.975,3.1086725496699597,6010480,2
spmv,consph,faer/csr,12020960,2815407.1375,4.269705734522739,6010480,2
spmv,consph,mkl/csc_ie,12020960,3873157.75,3.103658765254268,6010480,2
spmv,consph,mkl/csr_ie,12020960,3183805.1875,3.7756581486818748,6010480,2
spmv,consph,petsc/csr,12020960,3253033.125,3.6953082056303987,6010480,2
spmv,consph,psblas/csc,12020960,4006186.45,3.0005992357145534,6010480,2
spmv,consph,psblas/csr,12020960,3885690.0,3.093648747069375,6010480,2
spmv,delaunay_n22,eigen/csc_map,50331476,62091530.6,0.8106013092870994,25165738,2
spmv,delaunay_n22,eigen/csr_map,50331476,56207915.4,0.8954517462855418,25165738,2
spmv,delaunay_n22,faer/csc,50331476,42574120.2,1.182208246783688,25165738,2
spmv,delaunay_n22,faer/csr,50331476,44817058.8,1.1230428177941922,25165738,2
spmv,delaunay_n22,mkl/csc_ie,50331476,56675177.1,0.8880691437662925,25165738,2
spmv,delaunay_n22,mkl/csr_ie,50331476,26409459.0,1.9058124590889953,25165738,2
spmv,delaunay_n22,petsc/csr,50331476,26755386.8,1.8811716824067741,25165738,2
spmv,delaunay_n22,psblas/csc,50331476,45794587.2,1.099070415902777,25165738,2
spmv,delaunay_n22,psblas/csr,50331476,42548056.6,1.1829324303380757,25165738,2
spmv,inline_1,eigen/csc_map,73632684,33510234.8,2.1973192500578955,36816342,2
spmv,inline_1,eigen/csr_map,73632684,30704144.4,2.3981350217985553,36816342,2
spmv,inline_1,faer/csc,73632684,32323818.2,2.277969871764716,36816342,2
spmv,inline_1,faer/csr,73632684,26441633.2,2.784725264247293,36816342,2
spmv,inline_1,mkl/csc_ie,73632684,31270297.2,2.3547164751603322,36816342,2
spmv,inline_1,mkl/csr_ie,73632684,25803487.1,2.8535943112898097,36816342,2
spmv,inline_1,petsc/csr,73632684,27495897.1,2.677951686108106,36816342,2
spmv,inline_1,psblas/csc,73632684,31579542.6,2.331657710583813,36816342,2
spmv,inline_1,psblas/csr,73632684,30255258.75,2.4337152297532407,36816342,2
spmv,kron_g500-logn18,eigen/csc_map,42331816,28727582.2,1.4735599990729467,21165908,2
spmv,kron_g500-logn18,eigen/csr_map,42331816,25118090.0,1.6853119007058257,21165908,2
spmv,kron_g500-logn18,faer/csc,42331816,28479953.1,1.4863723915331866,21165908,2
spmv,kron_g500-logn18,faer/csr,42331816,22441709.3,1.8863008799423313,21165908,2
spmv,kron_g500-logn18,mkl/csc_ie,42331816,28757957.2,1.4720035816730404,21165908,2
spmv,kron_g500-logn18,mkl/csr_ie,42331816,21983494.7,1.9256181320434005,21165908,2
spmv,kron_g500-logn18,petsc/csr,42331816,21836454.9,1.93858463719768,21165908,2
spmv,kron_g500-logn18,psblas/csc,42331816,29555414.6,1.432286319542951,21165908,2
spmv,kron_g500-logn18,psblas/csr,42331816,26487472.5,1.5981825370465226,21165908,2
spmv,mac_econ_fwd500,eigen/csc_map,2546778,817382.9375,3.115770935700502,1273389,2
spmv,mac_econ_fwd500,eigen/csr_map,2546778,810319.76875,3.1429296164508758,1273389,2
spmv,mac_econ_fwd500,faer/csc,2546778,710859.65625,3.582673425912261,1273389,2
spmv,mac_econ_fwd500,faer/csr,2546778,675168.765625,3.7720613417927615,1273389,2
spmv,mac_econ_fwd500,mkl/csc_ie,2546778,988950.9,2.575231995845294,1273389,2
spmv,mac_econ_fwd500,mkl/csr_ie,2546778,628259.9375,4.053701100430265,1273389,2
spmv,mac_econ_fwd500,petsc/csr,2546778,650466.721875,3.915308676605001,1273389,2
spmv,mac_econ_fwd500,psblas/csc,2546778,786783.54375,3.2369487392446494,1273389,2
spmv,mac_econ_fwd500,psblas/csr,2546778,646201.61171875,3.941150801568178,1273389,2
spmv,pdb1HYS,eigen/csc_map,8689530,2228819.9375,3.8987133297752092,4344765,2
spmv,pdb1HYS,eigen/csr_map,8689530,2009962.7625,4.323229346394421,4344765,2
spmv,pdb1HYS,faer/csc,8689530,2085404.15,4.166832601728542,4344765,2
spmv,pdb1HYS,faer/csr,8689530,1616240.8875,5.3763829805351335,4344765,2
spmv,pdb1HYS,mkl/csc_ie,8689530,2200590.2,3.948727027867342,4344765,2
spmv,pdb1HYS,mkl/csr_ie,8689530,1437890.125,6.043250349187842,4344765,2
spmv,pdb1HYS,petsc/csr,8689530,1588308.2,5.470934419402985,4344765,2
spmv,pdb1HYS,psblas/csc,8689530,2309433.5375,3.762623976356799,4344765,2
spmv,pdb1HYS,psblas/csr,8689530,2344212.125,3.7068019175099183,4344765,2
spmv,preferentialAttachment,eigen/csc_map,1999940,1113223.903125,1.7965298754238423,999970,2
spmv,preferentialAttachment,eigen/csr_map,1999940,1083025.2,1.8466236981374022,999970,2
spmv,preferentialAttachment,faer/csc,1999940,1142977.975,1.7497625008915854,999970,2
spmv,preferentialAttachment,faer/csr,1999940,1120634.921875,1.784649006523715,999970,2
spmv,preferentialAttachment,mkl/csc_ie,1999940,1336179.05,1.4967604828110423,999970,2
spmv,preferentialAttachment,mkl/csr_ie,1999940,638576.2625,3.1318733837213375,999970,2
spmv,preferentialAttachment,petsc/csr,1999940,662811.578125,3.0173582749678975,999970,2
spmv,preferentialAttachment,psblas/csc,1999940,1142491.6375,1.7505073423349236,999970,2
spmv,preferentialAttachment,psblas/csr,1999940,1047812.025,1.9086820462859262,999970,2
spmv,rajat31,eigen/csc_map,40632506,34028497.5,1.1940728796503577,20316253,2
spmv,rajat31,eigen/csr_map,40632506,37157559.4,1.0935192368958442,20316253,2
spmv,rajat31,faer/csc,40632506,21133454.35,1.9226627756668653,20316253,2
spmv,rajat31,faer/csr,40632506,20559243.7,1.9763619028456771,20316253,2
spmv,rajat31,mkl/csc_ie,40632506,36749582.4,1.1056589856650996,20316253,2
spmv,rajat31,mkl/csr_ie,40632506,20421149.7,1.9897266606884527,20316253,2
spmv,rajat31,petsc/csr,40632506,20544337.3,1.9777958960983373,20316253,2
spmv,rajat31,psblas/csc,40632506,22011890.8,1.845934380157837,20316253,2
spmv,rajat31,psblas/csr,40632506,19756034.9,2.0567136171641405,20316253,2
spmv,rgg_n_2_20_s0,eigen/csc_map,27566480,16650869.8,1.6555579576990023,13783240,2
spmv,rgg_n_2_20_s0,eigen/csr_map,27566480,16941882.8,1.6271202159419966,13783240,2
spmv,rgg_n_2_20_s0,faer/csc,27566480,16283934.4,1.6928636116342988,13783240,2
spmv,rgg_n_2_20_s0,faer/csr,27566480,17337845.5,1.5899599520597874,13783240,2
spmv,rgg_n_2_20_s0,mkl/csc_ie,27566480,18589135.0,1.4829350585705037,13783240,2
spmv,rgg_n_2_20_s0,mkl/csr_ie,27566480,11651917.05,2.365832152915987,13783240,2
spmv,rgg_n_2_20_s0,petsc/csr,27566480,12020659.6,2.2932585163629455,13783240,2
spmv,rgg_n_2_20_s0,psblas/csc,27566480,17651789.2,1.561681917207577,13783240,2
spmv,rgg_n_2_20_s0,psblas/csr,27566480,17138064.5,1.6084943547738426,13783240,2
spmv,roadNet-CA,eigen/csc_map,11066428,13119535.7,0.8435075945561092,5533214,2
spmv,roadNet-CA,eigen/csr_map,11066428,13333395.0,0.8299782613505411,5533214,2
spmv,roadNet-CA,faer/csc,11066428,11844949.7,0.9342739547471444,5533214,2
spmv,roadNet-CA,faer/csr,11066428,14025449.95,0.7890248112860009,5533214,2
spmv,roadNet-CA,mkl/csc_ie,11066428,15497483.9,0.7140790125292531,5533214,2
spmv,roadNet-CA,mkl/csr_ie,11066428,10726052.25,1.0317335532278429,5533214,2
spmv,roadNet-CA,petsc/csr,11066428,7219372.05,1.5328795805723852,5533214,2
spmv,roadNet-CA,psblas/csc,11066428,11586779.65,0.9550909169140882,5533214,2
spmv,roadNet-CA,psblas/csr,11066428,11013367.75,1.004817804254289,5533214,2
spmv,shipsec1,eigen/csc_map,15626808,5968898.55,2.618038800475173,7813404,2
spmv,shipsec1,eigen/csr_map,15626808,5697683.375,2.7426599499309665,7813404,2
spmv,shipsec1,faer/csc,15626808,5629987.825,2.775637973959561,7813404,2
spmv,shipsec1,faer/csr,15626808,5178899.25,3.017399498551743,7813404,2
spmv,shipsec1,mkl/csc_ie,15626808,5731317.85,2.7265645369851548,7813404,2
spmv,shipsec1,mkl/csr_ie,15626808,4959527.9,3.1508660330351197,7813404,2
spmv,shipsec1,petsc/csr,15626808,5343544.275,2.924427532697855,7813404,2
spmv,shipsec1,psblas/csc,15626808,5720625.95,2.731660509983177,7813404,2
spmv,shipsec1,psblas/csr,15626808,5476534.8,2.85341161348961,7813404,2
spmv,smallworld,eigen/csc_map,1999992,1022533.90625,1.9559175375755418,999996,2
spmv,smallworld,eigen/csr_map,1999992,1011926.48125,1.9764202608172432,999996,2
spmv,smallworld,faer/csc,1999992,918558.15,2.1773167000913336,999996,2
spmv,smallworld,faer/csr,1999992,902520.3125,2.2160077422080184,999996,2
spmv,smallworld,mkl/csc_ie,1999992,1004875.6875,1.990287977785312,999996,2
spmv,smallworld,mkl/csr_ie,1999992,498620.7625,4.0110483766708365,999996,2
spmv,smallworld,petsc/csr,1999992,549379.63125,3.640455317663363,999996,2
spmv,smallworld,psblas/csc,1999992,985581.78125,2.0292501728912207,999996,2
spmv,smallworld,psblas/csr,1999992,978459.271875,2.044021716067404,999996,2
spmv,thermal2,eigen/csc_map,17160626,11650054.3,1.4730082416869075,8580313,2
spmv,thermal2,eigen/csr_map,17160626,11187574.2,1.5339005304653086,8580313,2
spmv,thermal2,faer/csc,17160626,10846575.15,1.5821239204708777,8580313,2
spmv,thermal2,faer/csr,17160626,11160127.75,1.5376728998465095,8580313,2
spmv,thermal2,mkl/csc_ie,17160626,11825910.1,1.4511040465291547,8580313,2
spmv,thermal2,mkl/csr_ie,17160626,8105876.38125,2.117059919602879,8580313,2
spmv,thermal2,petsc/csr,17160626,8435692.45,2.034287772072582,8580313,2
spmv,thermal2,psblas/csc,17160626,10669242.45,1.6084202866718058,8580313,2
spmv,thermal2,psblas/csr,17160626,10482621.7,1.6370547837283873,8580313,2
spmv,web-Google,eigen/csc_map,10210078,13833370.325,0.7380759540246025,5105039,2
spmv,web-Google,eigen/csr_map,10210078,10665278.675,0.9573193829367989,5105039,2
spmv,web-Google,faer/csc,10210078,13012095.85,0.7846605279963411,5105039,2
spmv,web-Google,faer/csr,10210078,13755424.425,0.7422583036728072,5105039,2
spmv,web-Google,mkl/csc_ie,10210078,15171829.3,0.672962883915389,5105039,2
spmv,web-Google,mkl/csr_ie,10210078,9524265.1,1.072006910013456,5105039,2
spmv,web-Google,petsc/csr,10210078,9795763.6,1.042295263229913,5105039,2
spmv,web-Google,psblas/csc,10210078,13018794.65,0.7842567821745309,5105039,2
spmv,web-Google,psblas/csr,10210078,10781964.925,0.9469589329052652,5105039,2
